first_name,last_name,email,gender
Rich,Waryk,rwaryk0@pen.io,Male
Eugen,Scemp,escemp1@tumblr.com,Genderfluid
Elinor,Gauge,egauge2@flavors.me,Female
Pooh,Cleveland,pcleveland3@mozilla.com,Male
Heddi,Pollendine,hpollendine4@scientificamerican.com,Female
Zack,Fransson,zfransson5@posterous.com,Male
Carly,Bellham,cbellham6@ca.gov,Male
Norton,Kerswell,nkerswell7@desdev.cn,Male
Kareem,Loveitt,kloveitt8@state.tx.us,Male
Hugibert,Bunton,hbunton9@youtube.com,Male
Moses,Barkas,mbarkasa@wired.com,Male
Sheela,Abbatt,sabbattb@hp.com,Female
Kip,Huckerby,khuckerbyc@example.com,Male
Adriena,Duchatel,aduchateld@parallels.com,Female
Duke,Smalls,dsmallse@scribd.com,Male
Armand,Crayke,acraykef@ask.com,Bigender
Galen,Gyppes,ggyppesg@google.com.br,Male
Beverlie,Kalinovich,bkalinovichh@statcounter.com,Female
Billie,Sommerfeld,bsommerfeldi@soup.io,Male
Vivian,Beeby,vbeebyj@indiegogo.com,Female
Aimil,Fedorchenko,afedorchenkok@people.com.cn,Female
Clevey,Dabney,cdabneyl@youtube.com,Male
Wallie,Hebditch,whebditchm@blogtalkradio.com,Male
Micky,Sugarman,msugarmann@mapquest.com,Female
Stearne,Burcher,sburchero@arizona.edu,Male
Helge,Lyver,hlyverp@shop-pro.jp,Female
Irene,Verdey,iverdeyq@twitter.com,Female
Cecilius,Sherlaw,csherlawr@vk.com,Male
Ardeen,Folks,afolkss@smh.com.au,Female
Holt,Ferronel,hferronelt@symantec.com,Male
Bennie,Maben,bmabenu@altervista.org,Male
Lark,Nafziger,lnafzigerv@bluehost.com,Genderqueer
Artair,Spurett,aspurettw@zdnet.com,Male
Jordan,Hawsby,jhawsbyx@chicagotribune.com,Male
Kaye,Audibert,kaudiberty@wordpress.com,Female
Gabrielle,Baugh,gbaughz@booking.com,Female
Kinnie,Lewsley,klewsley10@disqus.com,Male
Adel,Persey,apersey11@twitpic.com,Female
Rufus,Tatnell,rtatnell12@soundcloud.com,Male
Hubert,Lanning,hlanning13@sciencedaily.com,Male
Tammi,Vynall,tvynall14@ustream.tv,Female
Christen,Perton,cperton15@google.com.br,Female
Daryn,Attwell,dattwell16@tiny.cc,Female
Cordell,Fellman,cfellman17@newyorker.com,Male
Modesty,Burkman,mburkman18@utexas.edu,Female
Orton,Mendus,omendus19@live.com,Male
Heda,Thomsson,hthomsson1a@wordpress.com,Female
Gayle,Paskin,gpaskin1b@psu.edu,Male
Charlotta,Stoak,cstoak1c@unicef.org,Non-binary
Carroll,Greystock,cgreystock1d@gravatar.com,Female
Eileen,Bourley,ebourley1e@nba.com,Female
Kittie,Pawling,kpawling1f@dedecms.com,Female
Dael,Clarage,dclarage1g@state.gov,Agender
Nollie,Oventon,noventon1h@slideshare.net,Female
Corrie,Coite,ccoite1i@state.tx.us,Male
Betty,Arnhold,barnhold1j@slashdot.org,Female
Denni,Dungay,ddungay1k@smugmug.com,Female
Chrissy,Jeakins,cjeakins1l@reference.com,Female
Christal,Byford,cbyford1m@istockphoto.com,Female
Gideon,Sharrard,gsharrard1n@exblog.jp,Agender
Mora,Frain,mfrain1o@google.nl,Female
Land,Beams,lbeams1p@moonfruit.com,Male
Nelly,Burkett,nburkett1q@ezinearticles.com,Female
Ettore,Ginni,eginni1r@twitter.com,Male
Glenn,Newick,gnewick1s@comsenz.com,Male
Birk,Pawel,bpawel1t@archive.org,Male
Gill,Camamile,gcamamile1u@tripod.com,Male
Jerry,Boxill,jboxill1v@google.ca,Male
Putnam,Browncey,pbrowncey1w@cmu.edu,Male
Juditha,Jansson,jjansson1x@hubpages.com,Female
Nataniel,Whitwam,nwhitwam1y@nih.gov,Male
Kelci,Vitler,kvitler1z@slate.com,Female
Mic,Snare,msnare20@mac.com,Male
Aeriel,Dicke,adicke21@diigo.com,Female
Lothaire,Durdle,ldurdle22@wikipedia.org,Male
Rori,Lakes,rlakes23@bigcartel.com,Female
Dulcine,Backler,dbackler24@washington.edu,Female
Celesta,Domenc,cdomenc25@macromedia.com,Female
Zena,Sellen,zsellen26@lycos.com,Female
Rodrique,Booker,rbooker27@goodreads.com,Male
Truman,Bullard,tbullard28@skyrock.com,Male
Lesley,Hounihan,lhounihan29@mtv.com,Male
Nikolaus,Hubach,nhubach2a@nbcnews.com,Male
Clarita,Etuck,cetuck2b@yandex.ru,Non-binary
Joshuah,Brockwell,jbrockwell2c@webs.com,Male
Claudell,Grinsdale,cgrinsdale2d@topsy.com,Male
Ysabel,Piesold,ypiesold2e@gov.uk,Female
Fidelia,Soanes,fsoanes2f@yellowbook.com,Female
Rosa,MacKibbon,rmackibbon2g@wsj.com,Female
Palm,Hupe,phupe2h@amazon.com,Male
Philip,Kennermann,pkennermann2i@rambler.ru,Male
Irvine,Kingdon,ikingdon2j@ameblo.jp,Male
Robbert,Brownstein,rbrownstein2k@youku.com,Male
Chane,Drinkel,cdrinkel2l@newsvine.com,Male
Lucila,Riedel,lriedel2m@altervista.org,Female
Claudian,Luparti,cluparti2n@is.gd,Male
Neda,Hookes,nhookes2o@mapy.cz,Polygender
Kerianne,Aleksidze,kaleksidze2p@telegraph.co.uk,Female
Anabella,Stonnell,astonnell2q@dmoz.org,Agender
Vevay,Guiduzzi,vguiduzzi2r@prnewswire.com,Female
Willard,Comley,wcomley2s@indiegogo.com,Male
Myron,Hail,mhail2t@weebly.com,Male
Brad,Niccolls,bniccolls2u@utexas.edu,Male
Andi,Rockall,arockall2v@cyberchimps.com,Female
Addison,Darnell,adarnell2w@vimeo.com,Male
Fidel,Absolom,fabsolom2x@digg.com,Male
Bebe,McGinney,bmcginney2y@qq.com,Female
Yardley,Sebright,ysebright2z@dagondesign.com,Male
Amity,Sylett,asylett30@cam.ac.uk,Female
Mirella,Fausset,mfausset31@hubpages.com,Female
Philippa,Playdon,pplaydon32@usgs.gov,Female
Sterling,Zavattero,szavattero33@va.gov,Male
Ario,Brainsby,abrainsby34@mayoclinic.com,Male
Nils,Royce,nroyce35@surveymonkey.com,Male
Lucho,Leaman,lleaman36@china.com.cn,Male
Judd,Del Castello,jdelcastello37@indiatimes.com,Male
Daniella,Dionsetto,ddionsetto38@rediff.com,Female
Banky,Krysiak,bkrysiak39@nbcnews.com,Male
Orin,Reinhard,oreinhard3a@mysql.com,Male
Luise,Meeking,lmeeking3b@ocn.ne.jp,Female
Petr,Arendt,parendt3c@usatoday.com,Genderfluid
Bendicty,Gaine of England,bgaineofengland3d@blogger.com,Male
Carita,Gealy,cgealy3e@ezinearticles.com,Female
Barbara,Lorey,blorey3f@drupal.org,Female
Biddie,Shillitoe,bshillitoe3g@de.vu,Polygender
Dorri,Eickhoff,deickhoff3h@imdb.com,Female
Blithe,Paolino,bpaolino3i@harvard.edu,Female
Chevy,Cunrado,ccunrado3j@skyrock.com,Male
Olav,Siccombe,osiccombe3k@reference.com,Male
Phineas,Borsnall,pborsnall3l@imageshack.us,Male
Nilson,Likly,nlikly3m@google.com.hk,Male
Dasie,Robb,drobb3n@cdbaby.com,Female
Philippa,Herety,pherety3o@google.cn,Female
Prudy,Torri,ptorri3p@forbes.com,Female
Marius,Burgise,mburgise3q@cpanel.net,Male
Dale,Mitchenson,dmitchenson3r@yellowpages.com,Female
Randi,Shilvock,rshilvock3s@dedecms.com,Male
Jarib,Gregon,jgregon3t@gravatar.com,Genderqueer
Stephani,Hoopper,shoopper3u@craigslist.org,Female
Glynn,Bicker,gbicker3v@umich.edu,Male
Mel,Baignard,mbaignard3w@ow.ly,Female
Wilfred,Perryman,wperryman3x@delicious.com,Male
Orlan,Rought,orought3y@blogger.com,Male
Teriann,Jerosch,tjerosch3z@techcrunch.com,Female
Georgianne,Dukelow,gdukelow40@youtube.com,Polygender
Kati,Gianolini,kgianolini41@i2i.jp,Female
Cordey,Kinnerley,ckinnerley42@ebay.com,Female
Antoine,Whillock,awhillock43@about.com,Male
Joli,Swindley,jswindley44@sina.com.cn,Female
Sheree,Marmon,smarmon45@bbb.org,Female
Wilbur,Matchitt,wmatchitt46@go.com,Male
Dennie,Kerbey,dkerbey47@constantcontact.com,Male
Mathian,Gerhardt,mgerhardt48@deliciousdays.com,Male
Kay,Soots,ksoots49@state.gov,Female
Cassondra,Tuppeny,ctuppeny4a@nasa.gov,Female
Susy,Greville,sgreville4b@tripadvisor.com,Female
Marshal,Petteford,mpetteford4c@ucoz.com,Male
Janith,Nealon,jnealon4d@ning.com,Female
Bradley,Coltart,bcoltart4e@reverbnation.com,Male
Hazlett,Kubatsch,hkubatsch4f@geocities.com,Male
Art,Waison,awaison4g@craigslist.org,Male
Mag,Marde,mmarde4h@sitemeter.com,Female
Liza,Greaterex,lgreaterex4i@rakuten.co.jp,Female
Genni,Ianitti,gianitti4j@sourceforge.net,Female
Evita,MacFarlane,emacfarlane4k@sphinn.com,Female
Leola,Pegler,lpegler4l@e-recht24.de,Female
Susanetta,McCue,smccue4m@google.pl,Female
Ced,Batte,cbatte4n@rediff.com,Male
Lucius,Creech,lcreech4o@goodreads.com,Male
Dael,Petre,dpetre4p@google.com.au,Female
Yettie,Haylock,yhaylock4q@umich.edu,Agender
Tailor,Metson,tmetson4r@msn.com,Male
Shayne,De Maria,sdemaria4s@typepad.com,Male
Aurea,Croux,acroux4t@jalbum.net,Female
Joli,Nott,jnott4u@prnewswire.com,Female
Gideon,Beamish,gbeamish4v@umn.edu,Male
Bill,MacVay,bmacvay4w@godaddy.com,Female
Charissa,Boothe,cboothe4x@mashable.com,Agender
Deanna,Martini,dmartini4y@bbc.co.uk,Female
Jaime,Veal,jveal4z@noaa.gov,Male
Melisande,Cornhill,mcornhill50@ow.ly,Female
Marieann,Whapples,mwhapples51@adobe.com,Female
Pietra,Markie,pmarkie52@nbcnews.com,Female
Nickolai,Birley,nbirley53@moonfruit.com,Male
Ebba,Balderston,ebalderston54@i2i.jp,Female
Witty,Pudding,wpudding55@ted.com,Polygender
Edgard,Gabbidon,egabbidon56@ehow.com,Male
Remy,Guidini,rguidini57@ucoz.ru,Female
Tedmund,Allward,tallward58@dot.gov,Male
Bernadina,Klyner,bklyner59@edublogs.org,Female
Ferne,Fulham,ffulham5a@networksolutions.com,Female
Katti,Skedgell,kskedgell5b@usgs.gov,Female
Lodovico,Bawdon,lbawdon5c@forbes.com,Male
Ashton,Dytham,adytham5d@msu.edu,Male
Gwendolyn,Anan,ganan5e@illinois.edu,Genderqueer
Melisande,Errigo,merrigo5f@goo.ne.jp,Female
Hillard,De Bischof,hdebischof5g@nsw.gov.au,Male
Keelby,Jessup,kjessup5h@zimbio.com,Male
Laughton,Albery,lalbery5i@youtube.com,Male
Michale,Franks,mfranks5j@ameblo.jp,Male
Mirabel,O'Farrell,mofarrell5k@photobucket.com,Female
Maddy,Pepperd,mpepperd5l@senate.gov,Male
Benedick,Pirolini,bpirolini5m@live.com,Male
Marion,De Cleen,mdecleen5n@sogou.com,Male
Karisa,Legerton,klegerton5o@amazon.co.uk,Female
Monika,Blakden,mblakden5p@howstuffworks.com,Female
Bambie,Haacker,bhaacker5q@scientificamerican.com,Female
Leigha,Lill,llill5r@goodreads.com,Bigender
Phylis,Woollhead,pwoollhead5s@google.co.jp,Female
Bernadette,Egger,begger5t@marketwatch.com,Female
Izak,Chatell,ichatell5u@networksolutions.com,Male
Giralda,Hendriks,ghendriks5v@hugedomains.com,Genderqueer
Tanny,Selwyn,tselwyn5w@feedburner.com,Male
Montague,Bodd,mbodd5x@miitbeian.gov.cn,Male
Laverne,Coase,lcoase5y@taobao.com,Female
Wylma,McNeachtain,wmcneachtain5z@epa.gov,Female
Alessandro,Izatson,aizatson60@apple.com,Male
Rory,Yantsev,ryantsev61@purevolume.com,Female
Agneta,Turtle,aturtle62@instagram.com,Female
Terrel,Hanretty,thanretty63@cargocollective.com,Male
Erena,Catterall,ecatterall64@webs.com,Polygender
Rafael,Barok,rbarok65@posterous.com,Male
Maggy,Ruspine,mruspine66@ocn.ne.jp,Female
Kristo,Proudlock,kproudlock67@cnet.com,Male
Bernard,Lewing,blewing68@cdbaby.com,Male
Linoel,Landy,llandy69@sfgate.com,Male
Arlie,Lettley,alettley6a@newsvine.com,Female
Caz,Thomasson,cthomasson6b@desdev.cn,Male
Billie,Aiskrigg,baiskrigg6c@google.com.au,Female
Weidar,Mooring,wmooring6d@livejournal.com,Male
Gaultiero,Fines,gfines6e@blog.com,Male
Mayor,Book,mbook6f@networksolutions.com,Non-binary
Dorisa,Sapp,dsapp6g@samsung.com,Non-binary
Elisha,Rawlcliffe,erawlcliffe6h@lycos.com,Female
Ashien,Haverson,ahaverson6i@ucsd.edu,Female
Ninnetta,Asbury,nasbury6j@virginia.edu,Female
Anatol,Smeed,asmeed6k@cmu.edu,Male
Meier,Zapatero,mzapatero6l@quantcast.com,Male
Gerhard,Scougall,gscougall6m@xinhuanet.com,Male
Torin,Schubart,tschubart6n@ca.gov,Male
Murdock,Doers,mdoers6o@ed.gov,Male
Kari,Pointin,kpointin6p@blogs.com,Female
Keven,Eyden,keyden6q@smh.com.au,Male
Raoul,Miere,rmiere6r@phoca.cz,Male
Anstice,Alliban,aalliban6s@multiply.com,Female
Eddi,Kensy,ekensy6t@foxnews.com,Female
Bentley,O'Hannigan,bohannigan6u@java.com,Agender
Victoir,Hellard,vhellard6v@facebook.com,Male
Edwina,Ostridge,eostridge6w@skype.com,Agender
Genny,Testin,gtestin6x@who.int,Female
Roslyn,Gallafant,rgallafant6y@twitpic.com,Bigender
Dill,Thurlow,dthurlow6z@yahoo.co.jp,Non-binary
Beatrice,Kirsopp,bkirsopp70@sun.com,Female
Leda,Rosnau,lrosnau71@ustream.tv,Female
Hewitt,Lordon,hlordon72@imageshack.us,Male
Hurley,Cawtheray,hcawtheray73@cafepress.com,Male
Granny,Triebner,gtriebner74@vimeo.com,Male
Marja,Duran,mduran75@goo.ne.jp,Female
Glen,Moyce,gmoyce76@people.com.cn,Male
Daile,Garnsey,dgarnsey77@abc.net.au,Female
Leonid,Agron,lagron78@youtu.be,Male
Glenine,Ogelbe,gogelbe79@berkeley.edu,Female
Samara,Charopen,scharopen7a@illinois.edu,Female
Cassandre,Mazonowicz,cmazonowicz7b@friendfeed.com,Female
Deloris,Ollerhead,dollerhead7c@weather.com,Female
Geoffrey,Knowlton,gknowlton7d@sun.com,Male
Romeo,Paunton,rpaunton7e@google.ca,Male
Natasha,Maccari,nmaccari7f@state.gov,Female
Aristotle,Hiner,ahiner7g@odnoklassniki.ru,Genderfluid
Marga,Breffit,mbreffit7h@slideshare.net,Female
Ford,Bellam,fbellam7i@sphinn.com,Male
Bartel,Dekeyser,bdekeyser7j@dailymotion.com,Male
Reggy,Barnsdall,rbarnsdall7k@edublogs.org,Male
Leeann,Jedrzejkiewicz,ljedrzejkiewicz7l@qq.com,Female
Lauren,Pomfrett,lpomfrett7m@accuweather.com,Male
Nels,Kingescot,nkingescot7n@meetup.com,Male
Rivi,Lambswood,rlambswood7o@psu.edu,Female
Elise,Trahmel,etrahmel7p@youtube.com,Female
Torie,Lyes,tlyes7q@msu.edu,Female
Lynnette,Whal,lwhal7r@cargocollective.com,Female
Calv,Dibsdale,cdibsdale7s@oakley.com,Male
Gertrud,Nunn,gnunn7t@ycombinator.com,Female
Corney,Gallihawk,cgallihawk7u@sina.com.cn,Genderfluid
Wilmar,Blacklawe,wblacklawe7v@gizmodo.com,Male
Genna,Beeby,gbeeby7w@smugmug.com,Female
Borg,Sedgemond,bsedgemond7x@smh.com.au,Male
Mavra,Dragonette,mdragonette7y@nba.com,Female
Harper,Danzelman,hdanzelman7z@wikipedia.org,Male
Grata,Carnalan,gcarnalan80@phoca.cz,Female
Rollins,Geillier,rgeillier81@jigsy.com,Male
Ripley,Tomasi,rtomasi82@cpanel.net,Male
Kylie,Cometson,kcometson83@omniture.com,Male
Eve,Pettwood,epettwood84@chronoengine.com,Genderqueer
Theodore,Ings,tings85@adobe.com,Male
Cyndie,Filipic,cfilipic86@webmd.com,Female
Rhett,Handover,rhandover87@free.fr,Male
Maritsa,Raggles,mraggles88@networksolutions.com,Female
Greggory,Chaplin,gchaplin89@list-manage.com,Male
Annice,Satyford,asatyford8a@ox.ac.uk,Polygender
Thaddus,Roullier,troullier8b@cnn.com,Male
Craggy,Maplesden,cmaplesden8c@xing.com,Male
Ruttger,Garrud,rgarrud8d@canalblog.com,Male
Tonye,Skim,tskim8e@g.co,Female
Danica,Aldersey,daldersey8f@discuz.net,Female
Adda,Eplate,aeplate8g@prnewswire.com,Female
Arlene,Duddell,aduddell8h@patch.com,Female
Waylen,Bonafacino,wbonafacino8i@biglobe.ne.jp,Male
Lenette,Tildesley,ltildesley8j@techcrunch.com,Female
Gussy,MacCahey,gmaccahey8k@google.nl,Female
Jenda,Hairesnape,jhairesnape8l@toplist.cz,Female
Kassey,Filipyev,kfilipyev8m@gravatar.com,Agender
Almira,Bielby,abielby8n@usnews.com,Female
Preston,Cadwallader,pcadwallader8o@friendfeed.com,Male
Shay,McIlmorie,smcilmorie8p@goo.gl,Male
Clarabelle,Willmore,cwillmore8q@alexa.com,Female
Dominik,Manach,dmanach8r@smh.com.au,Genderqueer
Norry,Frankish,nfrankish8s@goo.ne.jp,Male
Malia,Rintoul,mrintoul8t@mozilla.com,Female
Tobye,Pickthorne,tpickthorne8u@vinaora.com,Female
Arne,Balls,aballs8v@squidoo.com,Male
Annadiane,Phinn,aphinn8w@ehow.com,Female
Oswell,Spileman,ospileman8x@freewebs.com,Male
Jordan,Lalevee,jlalevee8y@pinterest.com,Female
Cissiee,Litzmann,clitzmann8z@soup.io,Female
Nicoline,Persitt,npersitt90@usda.gov,Female
Cayla,Jovis,cjovis91@hatena.ne.jp,Female
Roarke,Maxstead,rmaxstead92@furl.net,Male
Harmonie,Colquitt,hcolquitt93@w3.org,Female
Carny,Reignould,creignould94@amazonaws.com,Male
Joseph,Tillerton,jtillerton95@stumbleupon.com,Male
Eartha,Gilffillan,egilffillan96@who.int,Bigender
Rheta,Vales,rvales97@youtu.be,Female
Briano,Champion,bchampion98@shareasale.com,Male
Shaun,Davion,sdavion99@hubpages.com,Male
Sayer,Marcos,smarcos9a@mit.edu,Male
Betsey,Rowling,browling9b@artisteer.com,Female
Geoffry,Diggin,gdiggin9c@geocities.jp,Male
Archibaldo,MacFarland,amacfarland9d@upenn.edu,Male
Stesha,Barzen,sbarzen9e@4shared.com,Female
Inglebert,Casarili,icasarili9f@who.int,Male
Christen,Brannan,cbrannan9g@biblegateway.com,Female
Sheilakathryn,Koschke,skoschke9h@economist.com,Female
Marrilee,Greves,mgreves9i@livejournal.com,Female
Giffy,Byfield,gbyfield9j@smugmug.com,Male
Giovanna,Crambie,gcrambie9k@ustream.tv,Female
Valina,Diemer,vdiemer9l@weibo.com,Female
Rubin,Minchenton,rminchenton9m@businessweek.com,Male
Harrietta,Ibbeson,hibbeson9n@scientificamerican.com,Female
Raleigh,Hallan,rhallan9o@auda.org.au,Male
Bern,Lount,blount9p@ted.com,Male
Roma,Outerbridge,routerbridge9q@ovh.net,Male
Gabriel,Raddenbury,graddenbury9r@earthlink.net,Polygender
Denney,Plaster,dplaster9s@rakuten.co.jp,Male
Cahra,Cunnane,ccunnane9t@prweb.com,Female
Hagen,Bromilow,hbromilow9u@shareasale.com,Male
Fraze,Ellwand,fellwand9v@mysql.com,Male
Jaquelin,Mc Corley,jmccorley9w@hao123.com,Female
Clem,Conti,cconti9x@mlb.com,Female
Nealon,Boone,nboone9y@stumbleupon.com,Male
Viviyan,Morecomb,vmorecomb9z@naver.com,Female
Anstice,McGonagle,amcgonaglea0@elegantthemes.com,Female
Gennifer,Keston,gkestona1@cnn.com,Female
Hillary,Siddens,hsiddensa2@usgs.gov,Female
Zane,Melling,zmellinga3@qq.com,Male
Rayner,Claisse,rclaissea4@nymag.com,Male
Knox,Whewill,kwhewilla5@google.ru,Male
Deidre,Gideon,dgideona6@merriam-webster.com,Female
Vern,Honack,vhonacka7@nba.com,Male
Kristo,Bunton,kbuntona8@vistaprint.com,Male
Elspeth,Bansal,ebansala9@house.gov,Female
Eugene,Joddens,ejoddensaa@epa.gov,Bigender
Natalina,Keatley,nkeatleyab@soundcloud.com,Female
Chandal,Munton,cmuntonac@opera.com,Female
Rennie,Walewicz,rwalewiczad@qq.com,Female
Derron,McSharry,dmcsharryae@gov.uk,Genderfluid
Luciana,Balls,lballsaf@nytimes.com,Female
Bettye,Casetti,bcasettiag@berkeley.edu,Female
Ulrick,Newband,unewbandah@stanford.edu,Male
Janet,Zaczek,jzaczekai@wikimedia.org,Female
Julie,Withinshaw,jwithinshawaj@vinaora.com,Male
Major,Clavering,mclaveringak@ehow.com,Male
Dwain,Castelluzzi,dcastelluzzial@time.com,Male
Hildy,Iacovazzi,hiacovazziam@xinhuanet.com,Female
Iris,Ogilvy,iogilvyan@washington.edu,Female
Ruy,Fritschmann,rfritschmannao@mozilla.com,Male
Theo,Guidotti,tguidottiap@wunderground.com,Female
Ina,Harding,ihardingaq@printfriendly.com,Female
Nickie,Leece,nleecear@statcounter.com,Male
Obie,Dykins,odykinsas@taobao.com,Male
Nancy,Keighly,nkeighlyat@engadget.com,Female
Gilbert,Eller,gellerau@rediff.com,Bigender
Cameron,L' Anglois,clangloisav@youtube.com,Male
Ilario,Horbart,ihorbartaw@amazon.com,Male
Martie,Speers,mspeersax@bluehost.com,Male
Ingeberg,Igonet,iigonetay@joomla.org,Female
Patrice,Hessay,phessayaz@apache.org,Male
Riva,Henriques,rhenriquesb0@samsung.com,Female
Bax,Poolton,bpooltonb1@google.es,Male
Mitchael,Strong,mstrongb2@barnesandnoble.com,Bigender
Flossie,Ausher,fausherb3@yale.edu,Female
Templeton,Winspar,twinsparb4@weather.com,Male
Carlota,Caustic,ccausticb5@dedecms.com,Female
Sybila,Doggrell,sdoggrellb6@mapy.cz,Female
Filmer,Ruspine,fruspineb7@bravesites.com,Male
Gareth,Butterwick,gbutterwickb8@clickbank.net,Male
Amy,Obispo,aobispob9@privacy.gov.au,Female
Stoddard,Tewes,stewesba@nymag.com,Female
Selle,Engelbrecht,sengelbrechtbb@washington.edu,Female
Hasty,Dibling,hdiblingbc@intel.com,Male
Kent,Fozzard,kfozzardbd@harvard.edu,Male
Andreana,Huckstepp,ahucksteppbe@telegraph.co.uk,Genderqueer
Fara,McGruar,fmcgruarbf@sbwire.com,Female
Damien,Seage,dseagebg@t.co,Male
Archibold,Colombier,acolombierbh@unblog.fr,Male
Erinna,Esch,eeschbi@microsoft.com,Female
Thornton,Cressey,tcresseybj@deviantart.com,Male
Ricard,Maddison,rmaddisonbk@nsw.gov.au,Male
Nert,Sammon,nsammonbl@theguardian.com,Female
Gwenora,Brittles,gbrittlesbm@nasa.gov,Female
Emmalyn,Greated,egreatedbn@gravatar.com,Female
Pia,Whitebrook,pwhitebrookbo@flavors.me,Female
Lelia,de Wilde,ldewildebp@netscape.com,Female
Caldwell,Inglesfield,cinglesfieldbq@mashable.com,Male
Rheba,Boone,rboonebr@blogs.com,Female
Joseph,Rosenauer,jrosenauerbs@storify.com,Male
Ashli,Nesterov,anesterovbt@zdnet.com,Female
Ramon,Leamon,rleamonbu@sun.com,Male
Arda,Losebie,alosebiebv@home.pl,Female
Merna,Pfertner,mpfertnerbw@cnet.com,Female
Josy,Snoad,jsnoadbx@vimeo.com,Female
Rhiamon,Schaumaker,rschaumakerby@ifeng.com,Female
Blanch,Croson,bcrosonbz@columbia.edu,Female
Cull,Valdes,cvaldesc0@phoca.cz,Male
Eddy,Wyndham,ewyndhamc1@skyrock.com,Female
Karyl,Domenico,kdomenicoc2@latimes.com,Female
Tobie,Kraft,tkraftc3@virginia.edu,Male
Welby,Dollimore,wdollimorec4@posterous.com,Male
Vevay,O'Henecan,vohenecanc5@nydailynews.com,Female
Felice,Collerd,fcollerdc6@weibo.com,Female
Erma,Stickens,estickensc7@issuu.com,Female
Gerri,Dauber,gdauberc8@issuu.com,Female
Engelbert,Romanet,eromanetc9@privacy.gov.au,Male
Gus,Floch,gflochca@wunderground.com,Female
Paxon,Hughill,phughillcb@bluehost.com,Male
Lief,Ryman,lrymancc@who.int,Male
Otis,Pennington,openningtoncd@pcworld.com,Male
Jaime,Van der Brug,jvanderbrugce@google.it,Male
Xerxes,Summerscales,xsummerscalescf@google.co.jp,Male
Modestine,Manketell,mmanketellcg@homestead.com,Female
Kelli,Mattedi,kmattedich@sfgate.com,Female
Gabriele,Ollerton,gollertonci@fema.gov,Male
Sky,Matuska,smatuskacj@google.co.uk,Male
Cris,McLugaish,cmclugaishck@dmoz.org,Male
Celinka,Cranna,ccrannacl@prlog.org,Female
Nealy,Seagrove,nseagrovecm@npr.org,Male
Jammie,Hanfrey,jhanfreycn@samsung.com,Female
Ives,Crowe,icroweco@imgur.com,Male
Galvin,Renehan,grenehancp@narod.ru,Male
Karlee,Trenchard,ktrenchardcq@sbwire.com,Female
Helga,Smullen,hsmullencr@google.co.jp,Female
Liz,Sawers,lsawerscs@harvard.edu,Female
Stern,Mackro,smackroct@hatena.ne.jp,Male
Delmore,Alekseicik,dalekseicikcu@github.com,Male
Anett,Labeuil,alabeuilcv@utexas.edu,Female
Grace,Bright,gbrightcw@qq.com,Female
Olivero,Dodle,ododlecx@sourceforge.net,Male
Johnath,MacTerrelly,jmacterrellycy@usa.gov,Female
Torrance,Winmill,twinmillcz@geocities.com,Male
Belia,Avarne,bavarned0@twitter.com,Female
Harp,Headings,hheadingsd1@ehow.com,Male
Luz,Sampey,lsampeyd2@vinaora.com,Female
Henri,Sharratt,hsharrattd3@marriott.com,Male
Herc,Eite,heited4@comsenz.com,Male
Maxie,Garaway,mgarawayd5@nifty.com,Male
Isak,Goncaves,igoncavesd6@list-manage.com,Male
Gil,MacDearmont,gmacdearmontd7@skyrock.com,Non-binary
Romola,Ogilby,rogilbyd8@nsw.gov.au,Female
Vickie,Renoden,vrenodend9@theglobeandmail.com,Female
Onfre,Marini,omarinida@msn.com,Male
Jacynth,McKelloch,jmckellochdb@unc.edu,Female
Davida,Filby,dfilbydc@deliciousdays.com,Female
Hillie,Leynham,hleynhamdd@about.me,Male
Abel,Spileman,aspilemande@vk.com,Male
Antonina,Sharville,asharvilledf@nyu.edu,Female
Paolo,Dimitresco,pdimitrescodg@amazon.de,Male
Melony,Whitehouse,mwhitehousedh@surveymonkey.com,Female
Schuyler,Apple,sappledi@unicef.org,Male
Karlyn,Carroll,kcarrolldj@tmall.com,Female
Bartlet,Probert,bprobertdk@opensource.org,Male
Igor,Hauck,ihauckdl@cyberchimps.com,Male
Alexina,Meah,ameahdm@telegraph.co.uk,Female
Roseanne,Houldin,rhouldindn@admin.ch,Female
Charlena,Glennon,cglennondo@amazon.com,Female
Pablo,Ciepluch,pciepluchdp@usatoday.com,Male
Ingelbert,Passfield,ipassfielddq@istockphoto.com,Male
Gasparo,Fetters,gfettersdr@themeforest.net,Male
Steward,Marzelli,smarzellids@4shared.com,Male
Robinson,Cardozo,rcardozodt@histats.com,Male
Ham,Blackledge,hblackledgedu@google.fr,Male
Arabella,Linde,alindedv@adobe.com,Female
Alia,Gallanders,agallandersdw@scribd.com,Female
Carrissa,Corbally,ccorballydx@wufoo.com,Female
Patti,Gillimgham,pgillimghamdy@uol.com.br,Female
Giorgia,Davidesco,gdavidescodz@eventbrite.com,Female
Corilla,Shirlaw,cshirlawe0@dell.com,Female
Mathias,Shere,msheree1@newsvine.com,Male
Arden,Costi,acostie2@4shared.com,Female
Noelle,MacGaffey,nmacgaffeye3@hhs.gov,Female
Earvin,Zoppie,ezoppiee4@cpanel.net,Male
Angeli,Whittington,awhittingtone5@hibu.com,Male
Hodge,Colchett,hcolchette6@unblog.fr,Male
Micheline,Haddrell,mhaddrelle7@trellian.com,Female
Fedora,Tarbett,ftarbette8@mail.ru,Female
Rhys,McMenamie,rmcmenamiee9@discuz.net,Male
Courtenay,Vernau,cvernauea@sina.com.cn,Genderfluid
Kilian,Curnock,kcurnockeb@dagondesign.com,Male
Nerissa,Grumbridge,ngrumbridgeec@npr.org,Female
Lyell,Sarvar,lsarvared@boston.com,Polygender
Terrence,Varnes,tvarnesee@cdc.gov,Male
Lazar,Spiaggia,lspiaggiaef@list-manage.com,Male
Hewe,Groombridge,hgroombridgeeg@illinois.edu,Genderfluid
Fredia,Dodds,fdoddseh@latimes.com,Female
Gaspard,Jeskins,gjeskinsei@edublogs.org,Male
Dewey,Hayles,dhaylesej@samsung.com,Male
Joletta,Moult,jmoultek@wired.com,Female
Dalila,Blueman,dbluemanel@cdbaby.com,Female
Hermine,Belch,hbelchem@dailymail.co.uk,Polygender
Boot,Vial,bvialen@linkedin.com,Non-binary
Garfield,MacCombe,gmaccombeeo@bbc.co.uk,Male
Fowler,Bartosek,fbartosekep@t-online.de,Male
Ossie,Beverage,obeverageeq@ovh.net,Male
Caralie,Pawlett,cpawletter@hp.com,Female
Toby,Crispin,tcrispines@so-net.ne.jp,Female
Gayle,Gadsby,ggadsbyet@goo.gl,Male
Coretta,Dumbarton,cdumbartoneu@weebly.com,Female
Felicity,Warters,fwartersev@scientificamerican.com,Female
Dolph,Harlett,dharlettew@mediafire.com,Male
Etty,Fruchon,efruchonex@unblog.fr,Female
Dew,Isakson,disaksoney@wordpress.com,Male
Dominga,Stonier,dstonierez@spotify.com,Female
Benedicta,Ziemen,bziemenf0@guardian.co.uk,Female
Valli,Jaulmes,vjaulmesf1@ezinearticles.com,Female
Francois,Offiler,foffilerf2@state.gov,Male
Daryl,Jiracek,djiracekf3@theglobeandmail.com,Male
Chan,Divina,cdivinaf4@microsoft.com,Male
Nial,Tilt,ntiltf5@reverbnation.com,Male
Karisa,Elintune,kelintunef6@theguardian.com,Female
Christalle,Gaffer,cgafferf7@networksolutions.com,Female
Abbott,Schneidar,aschneidarf8@wikispaces.com,Male
Alyse,Wadworth,awadworthf9@upenn.edu,Female
Peadar,Jaumet,pjaumetfa@spiegel.de,Male
Doralynn,Eddicott,deddicottfb@taobao.com,Female
Clerissa,Kinsey,ckinseyfc@studiopress.com,Female
Angelita,Radeliffe,aradeliffefd@exblog.jp,Female
Gawen,Langfat,glangfatfe@com.com,Male
Alexa,Abelov,aabelovff@dailymail.co.uk,Female
Morris,Stansbie,mstansbiefg@gov.uk,Male
Zena,Borrow,zborrowfh@upenn.edu,Female
Kyle,Copestick,kcopestickfi@scribd.com,Female
Muffin,Windrass,mwindrassfj@godaddy.com,Female
Dennison,Orbine,dorbinefk@google.it,Male
Mill,Beckworth,mbeckworthfl@cloudflare.com,Male
Aloisia,Piggford,apiggfordfm@mlb.com,Female
Mohandis,Cockcroft,mcockcroftfn@alexa.com,Male
Ira,Coalburn,icoalburnfo@ox.ac.uk,Female
Tiler,Willgoose,twillgoosefp@marketwatch.com,Male
Bethena,Reddle,breddlefq@topsy.com,Female
Kain,Bollon,kbollonfr@smh.com.au,Male
Mattheus,Belden,mbeldenfs@usgs.gov,Male
Alfredo,Jacobs,ajacobsft@bluehost.com,Male
Orton,Amorine,oamorinefu@ebay.co.uk,Male
Lorilyn,Beamiss,lbeamissfv@telegraph.co.uk,Female
Adelaide,Royson,aroysonfw@4shared.com,Female
Delbert,Barrs,dbarrsfx@guardian.co.uk,Male
Olly,Stigger,ostiggerfy@dropbox.com,Male
Matthus,Borchardt,mborchardtfz@cbc.ca,Male
Leonora,Crotty,lcrottyg0@dmoz.org,Female
Tessy,Arnout,tarnoutg1@multiply.com,Female
Lynnett,Wilfinger,lwilfingerg2@gravatar.com,Female
Hillie,Chinnock,hchinnockg3@over-blog.com,Male
Logan,Schermick,lschermickg4@economist.com,Male
Joanie,MacAlpine,jmacalpineg5@techcrunch.com,Female
Hamid,Knewstub,hknewstubg6@hexun.com,Male
Bartholomeo,Randerson,brandersong7@rediff.com,Male
Abbot,Backshell,abackshellg8@freewebs.com,Polygender
Fara,Reignard,freignardg9@simplemachines.org,Female
Nedda,Brockwell,nbrockwellga@kickstarter.com,Female
Elden,Zywicki,ezywickigb@constantcontact.com,Male
Annamarie,Huet,ahuetgc@foxnews.com,Female
Herold,Stuckes,hstuckesgd@hatena.ne.jp,Male
Allyce,Spinella,aspinellage@slashdot.org,Female
Bernete,Aleevy,baleevygf@go.com,Female
Lana,Christaeas,lchristaeasgg@yale.edu,Female
Lisha,Rosenbaum,lrosenbaumgh@youtube.com,Female
Persis,Beddoes,pbeddoesgi@photobucket.com,Female
Cobb,Bolsteridge,cbolsteridgegj@ftc.gov,Male
Vincent,Crier,vcriergk@samsung.com,Male
Berke,McNair,bmcnairgl@cargocollective.com,Male
Sephira,O'Hallagan,sohallagangm@infoseek.co.jp,Female
Gwendolen,Schermick,gschermickgn@gizmodo.com,Bigender
Barton,Arling,barlinggo@furl.net,Genderqueer
Cecile,Newling,cnewlinggp@marketwatch.com,Female
Lukas,Kedge,lkedgegq@skyrock.com,Male
Cami,Denington,cdeningtongr@geocities.com,Female
Jsandye,Swetmore,jswetmoregs@4shared.com,Female
Laurel,Cadd,lcaddgt@youtu.be,Female
Hermie,Covington,hcovingtongu@bluehost.com,Male
Iver,Putten,iputtengv@tinypic.com,Male
Branden,Griswaite,bgriswaitegw@mayoclinic.com,Male
Marget,MacNucator,mmacnucatorgx@simplemachines.org,Female
Webb,Siddle,wsiddlegy@alibaba.com,Male
Berti,Scurrell,bscurrellgz@eepurl.com,Male
Hamel,Bartunek,hbartunekh0@omniture.com,Male
Tybi,Weson,twesonh1@dropbox.com,Female
Uri,Trevithick,utrevithickh2@example.com,Polygender
Rafaello,Billanie,rbillanieh3@fda.gov,Male
Lucia,Wilbud,lwilbudh4@technorati.com,Female
Maxine,Abrahams,mabrahamsh5@google.ca,Female
Ferdinanda,Ashwood,fashwoodh6@yolasite.com,Female
Lois,Sweed,lsweedh7@narod.ru,Female
Matias,Lidgertwood,mlidgertwoodh8@sogou.com,Male
Mickie,Follacaro,mfollacaroh9@unblog.fr,Female
Colas,Leehane,cleehaneha@about.me,Male
Shaine,O'Doghesty,sodoghestyhb@amazon.com,Male
Dougy,Camplin,dcamplinhc@behance.net,Male
Ailbert,Matyushkin,amatyushkinhd@people.com.cn,Male
Hadlee,Davidowsky,hdavidowskyhe@usnews.com,Non-binary
Brady,Valentinuzzi,bvalentinuzzihf@pinterest.com,Bigender
Giacomo,Woosnam,gwoosnamhg@scribd.com,Male
Kristoforo,Chevalier,kchevalierhh@github.io,Male
Hamish,Trobey,htrobeyhi@free.fr,Male
Jeff,Jurczak,jjurczakhj@state.gov,Male
Darlleen,Climie,dclimiehk@dedecms.com,Female
Wendell,Cleife,wcleifehl@youku.com,Male
Raynor,Bianco,rbiancohm@blogspot.com,Male
Ingrim,Rutherfoord,irutherfoordhn@cmu.edu,Male
Cherri,Semechik,csemechikho@ow.ly,Genderqueer
Emmye,Fisby,efisbyhp@nydailynews.com,Female
Beulah,Eltringham,beltringhamhq@wikispaces.com,Female
Avis,MacDonagh,amacdonaghhr@woothemes.com,Female
Sterling,Isakowicz,sisakowiczhs@issuu.com,Male
Joey,Lace,jlaceht@diigo.com,Male
Ive,Bourgourd,ibourgourdhu@facebook.com,Polygender
Karil,Girardez,kgirardezhv@dedecms.com,Agender
Samantha,Risely,sriselyhw@cloudflare.com,Female
Agna,Sherrum,asherrumhx@ezinearticles.com,Bigender
Billie,Cissen,bcissenhy@vkontakte.ru,Male
Ara,Thorowgood,athorowgoodhz@bing.com,Female
Sanson,Chomley,schomleyi0@stanford.edu,Genderfluid
Dulci,Klugel,dklugeli1@qq.com,Female
Lisetta,Beszant,lbeszanti2@indiegogo.com,Female
Mace,Andrejs,mandrejsi3@acquirethisname.com,Male
Karalee,Valens-Smith,kvalenssmithi4@360.cn,Female
Constantine,Godfroy,cgodfroyi5@ehow.com,Male
Ingaborg,Bunney,ibunneyi6@sphinn.com,Female
Thedric,Maple,tmaplei7@yahoo.com,Polygender
Boycie,Hatchman,bhatchmani8@google.ru,Male
Bronny,Walmsley,bwalmsleyi9@cloudflare.com,Male
Corine,Lansly,clanslyia@flickr.com,Female
Barron,Tolliday,btollidayib@msn.com,Male
Aretha,Berkely,aberkelyic@msn.com,Female
Hildegarde,Brickhill,hbrickhillid@imageshack.us,Female
Pyotr,Yosifov,pyosifovie@netlog.com,Male
Rafaelia,Mechi,rmechiif@pcworld.com,Female
Allys,O'Teague,aoteagueig@artisteer.com,Bigender
Henderson,Bassick,hbassickih@purevolume.com,Male
Aliza,Cutler,acutlerii@multiply.com,Agender
Gabby,Blooman,gbloomanij@unc.edu,Male
Grannie,Beaby,gbeabyik@tinyurl.com,Polygender
Elnore,Fattorini,efattoriniil@blogs.com,Female
Arlette,Longhi,alonghiim@hp.com,Female
Frans,Ternault,fternaultin@trellian.com,Male
Annamarie,Wareham,awarehamio@forbes.com,Female
Jone,Ciobotaro,jciobotaroip@flavors.me,Male
Randa,Murrum,rmurrumiq@irs.gov,Female
Jeniece,Vinsen,jvinsenir@jimdo.com,Female
Goldy,Vogeller,gvogelleris@seesaa.net,Female
Maison,Aspy,maspyit@intel.com,Male
Laurent,Crummay,lcrummayiu@spotify.com,Male
Gennifer,Abrahamian,gabrahamianiv@answers.com,Female
Ripley,Leece,rleeceiw@intel.com,Male
Jake,Frew,jfrewix@house.gov,Male
Babbette,O'Cahsedy,bocahsedyiy@t.co,Female
Catha,Lanchberry,clanchberryiz@yahoo.com,Female
Torin,Kiddey,tkiddeyj0@howstuffworks.com,Male
Leoine,Cleve,lclevej1@storify.com,Female
Jocko,Normavill,jnormavillj2@artisteer.com,Male
Allianora,Hauxley,ahauxleyj3@homestead.com,Female
Guendolen,Moult,gmoultj4@imageshack.us,Female
Glori,Risom,grisomj5@army.mil,Female
Zacherie,Mingauld,zmingauldj6@purevolume.com,Male
Montgomery,Fifield,mfifieldj7@ibm.com,Male
Errick,McIlhone,emcilhonej8@zdnet.com,Polygender
Lynnet,Dominguez,ldominguezj9@amazon.de,Female
Clareta,Winridge,cwinridgeja@statcounter.com,Female
Lia,Boobier,lboobierjb@tripadvisor.com,Female
Roxana,Abbess,rabbessjc@squarespace.com,Female
Katey,Burnall,kburnalljd@cdc.gov,Female
Laurena,Allaker,lallakerje@fda.gov,Female
Tasia,Stanbridge,tstanbridgejf@feedburner.com,Female
Nerta,Prestner,nprestnerjg@cdbaby.com,Female
Martie,Ausiello,mausiellojh@techcrunch.com,Female
Aguste,Baton,abatonji@sina.com.cn,Male
Merwin,Pryor,mpryorjj@uol.com.br,Male
Ashlen,Skill,askilljk@mashable.com,Female
Rochester,Chatt,rchattjl@twitpic.com,Male
Myrwyn,Druitt,mdruittjm@senate.gov,Male
Isaac,Teaser,iteaserjn@dyndns.org,Male
Shadow,Stocks,sstocksjo@google.fr,Male
Roderigo,Pettie,rpettiejp@marriott.com,Male
Mackenzie,Devo,mdevojq@cloudflare.com,Male
Cordelie,Meachan,cmeachanjr@desdev.cn,Female
Mayer,Baike,mbaikejs@odnoklassniki.ru,Male
Dory,Mooring,dmooringjt@springer.com,Female
Cicely,Ullyatt,cullyattju@prweb.com,Female
Hillie,Doodson,hdoodsonjv@spotify.com,Male
Rodger,Casoni,rcasonijw@php.net,Genderfluid
Che,Guyver,cguyverjx@barnesandnoble.com,Male
Wayne,Meigh,wmeighjy@pinterest.com,Male
Elva,Lozano,elozanojz@unicef.org,Female
Markos,Van der Kruys,mvanderkruysk0@about.com,Male
Scarface,Golds,sgoldsk1@kickstarter.com,Male
Lena,Latliff,llatliffk2@google.de,Female
Stanislaw,Stanmore,sstanmorek3@imgur.com,Male
Eugenie,Colisbe,ecolisbek4@jiathis.com,Female
Lorens,Cartner,lcartnerk5@state.gov,Male
Crystal,Gittis,cgittisk6@twitpic.com,Female
Clemens,Magson,cmagsonk7@uiuc.edu,Male
Lolita,Ruff,lruffk8@wikia.com,Female
Jaclyn,Thormann,jthormannk9@amazon.co.uk,Female
Nikki,MacSween,nmacsweenka@jimdo.com,Male
Reuven,Drogan,rdrogankb@nih.gov,Male
Graham,Brundell,gbrundellkc@nih.gov,Male
Babita,Delafoy,bdelafoykd@wordpress.com,Female
Kane,Fishbourn,kfishbournke@miitbeian.gov.cn,Male
Cybill,Dibsdale,cdibsdalekf@toplist.cz,Female
Boniface,Millimoe,bmillimoekg@ted.com,Male
Casi,Geistmann,cgeistmannkh@cisco.com,Female
Maison,Gailor,mgailorki@shop-pro.jp,Genderqueer
Jo,Tanton,jtantonkj@yale.edu,Male
Malissia,Manwell,mmanwellkk@vistaprint.com,Female
Amalea,Cantopher,acantopherkl@printfriendly.com,Female
Greggory,Morrowe,gmorrowekm@paginegialle.it,Male
Niles,Imm,nimmkn@purevolume.com,Male
Ebony,Christie,echristieko@state.gov,Female
Sherrie,Kindred,skindredkp@buzzfeed.com,Female
Tailor,Lemmanbie,tlemmanbiekq@ovh.net,Male
Estevan,Barrett,ebarrettkr@chicagotribune.com,Male
Cam,Spilsbury,cspilsburyks@bbc.co.uk,Female
Spencer,McKenney,smckenneykt@ca.gov,Male
Anthia,Jacombs,ajacombsku@trellian.com,Female
Marena,Croxton,mcroxtonkv@unc.edu,Female
Antin,Pabel,apabelkw@domainmarket.com,Male
Liuka,Mintram,lmintramkx@comcast.net,Female
Duffy,Purchase,dpurchaseky@myspace.com,Male
Una,Klainer,uklainerkz@ning.com,Female
Staffard,Yacobsohn,syacobsohnl0@shareasale.com,Genderfluid
Bartholomew,Ryan,bryanl1@uiuc.edu,Male
Eda,Lingard,elingardl2@nba.com,Female
Timmy,Hengoed,thengoedl3@sfgate.com,Male
Kristian,Klejin,kklejinl4@mapquest.com,Male
Britte,Eberle,beberlel5@chicagotribune.com,Female
Gail,Haggus,ghaggusl6@com.com,Female
Guglielmo,Goodered,ggooderedl7@simplemachines.org,Male
Doll,Barlace,dbarlacel8@rakuten.co.jp,Female
Vic,Thame,vthamel9@flavors.me,Genderfluid
Timmie,Noads,tnoadsla@shutterfly.com,Male
Eve,Kilshaw,ekilshawlb@imgur.com,Female
Chrissie,Pearlman,cpearlmanlc@home.pl,Female
Anabel,Duckham,aduckhamld@desdev.cn,Female
Clementine,Skowcraft,cskowcraftle@last.fm,Female
Keelby,Hoovart,khoovartlf@google.es,Genderqueer
Keane,McAuslan,kmcauslanlg@ibm.com,Male
Hiram,Ravilus,hraviluslh@ihg.com,Genderqueer
Evangelin,Brigman,ebrigmanli@storify.com,Female
Liva,Pifford,lpiffordlj@stanford.edu,Female
Gilberta,Lawton,glawtonlk@cbslocal.com,Female
Kasey,Vodden,kvoddenll@unesco.org,Female
Raimondo,Gimert,rgimertlm@reference.com,Male
Judon,Chellingworth,jchellingworthln@e-recht24.de,Male
Krissy,Forrest,kforrestlo@t.co,Female
Murdock,Scamaden,mscamadenlp@constantcontact.com,Agender
Shannan,Aspin,saspinlq@clickbank.net,Male
Whit,Vedeshkin,wvedeshkinlr@domainmarket.com,Male
Kippie,Gendricke,kgendrickels@slate.com,Male
Clarabelle,Cartwight,ccartwightlt@etsy.com,Female
Davidde,Sedwick,dsedwicklu@nature.com,Male
Ambrose,Joseland,ajoselandlv@wix.com,Male
Jennilee,Matyukon,jmatyukonlw@nationalgeographic.com,Female
Sheelagh,Papes,spapeslx@live.com,Female
Gabriello,Leverette,gleverettely@networkadvertising.org,Agender
Anthiathia,Mullin,amullinlz@howstuffworks.com,Female
Lorna,Lardez,llardezm0@ucsd.edu,Female
Brana,Catteroll,bcatterollm1@histats.com,Female
Cary,Beahan,cbeahanm2@sourceforge.net,Male
Ulberto,Mayler,umaylerm3@shutterfly.com,Male
Pooh,O' Mahony,pomahonym4@tiny.cc,Male
Annabell,Folbigg,afolbiggm5@blogger.com,Female
Teddie,Grandison,tgrandisonm6@apache.org,Female
Mady,Stiell,mstiellm7@dmoz.org,Female
Ewart,Joslow,ejoslowm8@furl.net,Male
Laure,Zorener,lzorenerm9@adobe.com,Female
Neron,Brixey,nbrixeyma@clickbank.net,Male
Mordy,Cloute,mcloutemb@cpanel.net,Male
Abby,Tonepohl,atonepohlmc@cafepress.com,Male
Nelle,Olenchikov,nolenchikovmd@intel.com,Female
Pearline,McGiff,pmcgiffme@nba.com,Female
Donnie,Studart,dstudartmf@ftc.gov,Female
Yehudi,Brownsell,ybrownsellmg@wired.com,Male
Quentin,Antonoczyk,qantonoczykmh@wp.com,Female
Chuck,Finders,cfindersmi@oakley.com,Male
Sukey,Akker,sakkermj@hibu.com,Female
Carlita,Teeney,cteeneymk@amazonaws.com,Female
Ricca,O'Fogarty,rofogartyml@prweb.com,Female
Austin,Duffyn,aduffynmm@archive.org,Male
Winni,Colling,wcollingmn@google.ru,Female
Nora,Kiffe,nkiffemo@sourceforge.net,Female
Stacy,Eldrett,seldrettmp@chronoengine.com,Female
Lemuel,Pfiffer,lpfiffermq@bizjournals.com,Male
Jocelyne,Dyte,jdytemr@gravatar.com,Female
Dwayne,Veale,dvealems@bloomberg.com,Male
Jacobo,Guidera,jguideramt@tinyurl.com,Agender
Cilka,Widdall,cwiddallmu@jigsy.com,Genderfluid
Benjie,Looks,blooksmv@army.mil,Male
Carolan,Kleimt,ckleimtmw@blogs.com,Female
Kara,Mottley,kmottleymx@1688.com,Female
Saul,Ellacombe,sellacombemy@theatlantic.com,Male
Nana,Dhenin,ndheninmz@example.com,Female
Norrie,Maun,nmaunn0@unblog.fr,Male
Moreen,Crolly,mcrollyn1@example.com,Female
Franzen,McPaik,fmcpaikn2@narod.ru,Male
Orelle,Burk,oburkn3@redcross.org,Female
Sanderson,Matteoli,smatteolin4@businessinsider.com,Male
Karney,Dishman,kdishmann5@omniture.com,Male
Taite,Bartke,tbartken6@microsoft.com,Male
Denys,Raveau,draveaun7@uiuc.edu,Female
Editha,Hutton,ehuttonn8@google.nl,Female
Zacherie,Winham,zwinhamn9@networkadvertising.org,Male
Taber,Camolli,tcamollina@ning.com,Male
Leisha,Bonder,lbondernb@smh.com.au,Female
Nollie,Spencer,nspencernc@engadget.com,Male
Amory,Ellice,aellicend@telegraph.co.uk,Male
Manolo,McNelis,mmcnelisne@live.com,Male
Randolph,Jouannin,rjouanninnf@nymag.com,Male
Joly,Le Conte,jleconteng@ow.ly,Female
Rosemary,Shewan,rshewannh@wikipedia.org,Female
Carma,Collelton,ccolleltonni@unc.edu,Female
Juditha,Walby,jwalbynj@indiegogo.com,Female
Leia,Sturges,lsturgesnk@netlog.com,Genderfluid
Ben,Rohlfs,brohlfsnl@squidoo.com,Male
Franky,Storror,fstorrornm@google.com.au,Male
Karilynn,Partrick,kpartricknn@ycombinator.com,Female
Sarah,Auty,sautyno@digg.com,Female
Daloris,Hapgood,dhapgoodnp@homestead.com,Female
Levy,Penhallurick,lpenhalluricknq@sourceforge.net,Male
Mercy,Wilds,mwildsnr@cornell.edu,Female
Shanie,Lyddiard,slyddiardns@wiley.com,Female
Kirsteni,Kilty,kkiltynt@rakuten.co.jp,Female
Loralyn,Leyman,lleymannu@bandcamp.com,Female
Nels,Jentet,njentetnv@bloglines.com,Male
Brandy,Gladdor,bgladdornw@archive.org,Male
Ashely,Cookson,acooksonnx@va.gov,Female
Brien,Sheasby,bsheasbyny@kickstarter.com,Male
Brok,Wash,bwashnz@ehow.com,Genderfluid
Lenard,Dalliwater,ldalliwatero0@auda.org.au,Male
Cletus,Chiles,cchileso1@amazon.com,Male
Elke,Mitcheson,emitchesono2@irs.gov,Genderqueer
Darelle,Codrington,dcodringtono3@opensource.org,Female
Web,Infantino,winfantinoo4@bbc.co.uk,Male
Dulsea,Machon,dmachono5@netvibes.com,Female
Maddi,Ibert,miberto6@posterous.com,Female
Kania,Volks,kvolkso7@imdb.com,Female
Sutton,Downage,sdownageo8@simplemachines.org,Male
Puff,Donnison,pdonnisono9@nymag.com,Male
Tish,McNirlan,tmcnirlanoa@usatoday.com,Female
Carmen,Scamwell,cscamwellob@bbb.org,Female
Abel,Crich,acrichoc@oracle.com,Male
Kevina,Piletic,kpileticod@twitpic.com,Female
Marten,Ornils,mornilsoe@1688.com,Male
Woodman,Champney,wchampneyof@hao123.com,Male
Leroy,Waleworke,lwaleworkeog@army.mil,Male
Dannye,Kovacs,dkovacsoh@seesaa.net,Genderqueer
Jenelle,Kochl,jkochloi@is.gd,Female
Gill,Rame,grameoj@reuters.com,Male
Elwin,Gilyott,egilyottok@columbia.edu,Male
Forester,Benford,fbenfordol@census.gov,Male
Sandra,Osipenko,sosipenkoom@japanpost.jp,Female
Ara,Vallender,avallenderon@google.fr,Female
Paige,Scading,pscadingoo@usatoday.com,Male
Tamar,McQuillin,tmcquillinop@myspace.com,Female
Vevay,Grelik,vgrelikoq@lulu.com,Female
Ric,Frays,rfraysor@usnews.com,Male
Brendan,Tilte,btilteos@cdc.gov,Male
Nikolai,Lewington,nlewingtonot@rediff.com,Male
Carlota,Rudiger,crudigerou@utexas.edu,Female
Lezlie,Normanell,lnormanellov@quantcast.com,Female
Bartlett,Petrelluzzi,bpetrelluzziow@npr.org,Genderqueer
Toma,Echlin,techlinox@psu.edu,Female
Jayson,Gude,jgudeoy@princeton.edu,Male
Clementina,Egdal,cegdaloz@goo.gl,Female
Amara,McLean,amcleanp0@paypal.com,Female
Jocko,Dmitrovic,jdmitrovicp1@sbwire.com,Male
Bruce,Imort,bimortp2@wired.com,Male
Malvin,Smuth,msmuthp3@oracle.com,Male
Sherwin,Chapling,schaplingp4@thetimes.co.uk,Male
Patty,Reese,preesep5@istockphoto.com,Female
Nariko,Cozzi,ncozzip6@amazon.co.jp,Female
Alysia,Andrichak,aandrichakp7@marriott.com,Genderqueer
Monty,Gilhoolie,mgilhooliep8@cyberchimps.com,Male
Kareem,Males,kmalesp9@stumbleupon.com,Non-binary
Milzie,Chatell,mchatellpa@archive.org,Female
Cirillo,Dignum,cdignumpb@zdnet.com,Male
Caroljean,Frewer,cfrewerpc@myspace.com,Female
Gusty,Frossell,gfrossellpd@disqus.com,Female
Felisha,Guile,fguilepe@cam.ac.uk,Female
Eunice,Stobbes,estobbespf@geocities.com,Female
Kathryne,Hamson,khamsonpg@blogger.com,Female
Emmit,Grabeham,egrabehamph@miitbeian.gov.cn,Male
Nikkie,Aylen,naylenpi@goo.ne.jp,Female
Reynard,Redgewell,rredgewellpj@zimbio.com,Agender
Rey,Ballham,rballhampk@nymag.com,Female
Rene,Rosengren,rrosengrenpl@twitter.com,Male
Wye,Gisby,wgisbypm@ycombinator.com,Male
Abbot,Hansemann,ahansemannpn@i2i.jp,Male
Inglis,Sikorski,isikorskipo@ucla.edu,Male
Lilias,Blofield,lblofieldpp@virginia.edu,Genderfluid
Blair,Shermore,bshermorepq@163.com,Male
Win,Spinelli,wspinellipr@dailymotion.com,Male
Evyn,Aggis,eaggisps@nymag.com,Male
Rahal,Scading,rscadingpt@addtoany.com,Bigender
Karyl,Baumert,kbaumertpu@sbwire.com,Female
Leonora,Piddock,lpiddockpv@e-recht24.de,Female
Marlin,Bosman,mbosmanpw@123-reg.co.uk,Male
Stefa,Letertre,sletertrepx@forbes.com,Female
Enrica,Cranshaw,ecranshawpy@acquirethisname.com,Female
Burg,Sermin,bserminpz@ox.ac.uk,Male
Odette,Bowshire,obowshireq0@furl.net,Female
Hamel,Huglin,hhuglinq1@dmoz.org,Male
Axe,Whifen,awhifenq2@deliciousdays.com,Male
Tabbie,Clemenceau,tclemenceauq3@weibo.com,Male
Corny,Blowen,cblowenq4@examiner.com,Male
Brandise,Stammers,bstammersq5@reference.com,Female
Orlan,Pietrzyk,opietrzykq6@blog.com,Male
Law,Dominico,ldominicoq7@feedburner.com,Male
Harvey,Camier,hcamierq8@xing.com,Male
Pat,Sheridan,psheridanq9@sciencedirect.com,Male
Rurik,Conniam,rconniamqa@usa.gov,Male
Essa,MacBain,emacbainqb@nbcnews.com,Genderqueer
Mill,Ibert,mibertqc@newsvine.com,Male
Kristin,Sanz,ksanzqd@psu.edu,Female
Raven,Rearden,rreardenqe@amazon.com,Female
Halli,Gayter,hgayterqf@house.gov,Female
Anselma,Merry,amerryqg@1und1.de,Female
Vaclav,Usherwood,vusherwoodqh@globo.com,Male
Dinny,Corradino,dcorradinoqi@wp.com,Female
Bennie,Attwell,battwellqj@parallels.com,Male
Boigie,Garr,bgarrqk@auda.org.au,Male
Moria,Corneliussen,mcorneliussenql@bing.com,Female
Reina,Di Napoli,rdinapoliqm@cloudflare.com,Female
Wes,Shales,wshalesqn@1und1.de,Male
Petunia,Saggers,psaggersqo@gnu.org,Female
Bruis,Kittley,bkittleyqp@columbia.edu,Male
Omero,Billborough,obillboroughqq@dion.ne.jp,Male
Christy,McIllroy,cmcillroyqr@eepurl.com,Male
Dru,Findlow,dfindlowqs@vistaprint.com,Male
Elnar,Fearn,efearnqt@businessweek.com,Male
Kristen,Hender,khenderqu@over-blog.com,Female
Weston,Cossem,wcossemqv@example.com,Male
Cammie,Alforde,calfordeqw@npr.org,Female
Craig,Eddow,ceddowqx@apache.org,Male
Kristofor,Bickley,kbickleyqy@shutterfly.com,Male
Charissa,Hamer,chamerqz@cnet.com,Female
Rheta,Balchin,rbalchinr0@hubpages.com,Bigender
Natale,Dukelow,ndukelowr1@is.gd,Male
Cary,Pusey,cpuseyr2@google.es,Male
Dorian,Ollie,dollier3@cargocollective.com,Female
Nikkie,Aymes,naymesr4@amazon.com,Female
Ron,Mapston,rmapstonr5@timesonline.co.uk,Genderqueer
Helena,Costell,hcostellr6@sbwire.com,Female
Belia,Binton,bbintonr7@earthlink.net,Female
Farrel,Abyss,fabyssr8@people.com.cn,Male
Janeta,Drayn,jdraynr9@dyndns.org,Female
Gilemette,Abbatt,gabbattra@baidu.com,Female
Nikoletta,Pincked,npinckedrb@gnu.org,Female
Renae,Clayworth,rclayworthrc@zdnet.com,Female
Prinz,Jiricka,pjirickard@1und1.de,Male
Sebastian,Hadleigh,shadleighre@discuz.net,Male
Dierdre,Chadney,dchadneyrf@dot.gov,Female
Ronnica,Flawith,rflawithrg@bloomberg.com,Female
Merry,Ferrotti,mferrottirh@wsj.com,Male
Viviyan,Jedrachowicz,vjedrachowiczri@marketwatch.com,Genderqueer
Cally,Bigland,cbiglandrj@nyu.edu,Female
Athene,Cahen,acahenrk@1688.com,Female
Lurleen,Marian,lmarianrl@nsw.gov.au,Polygender
Klemens,Varley,kvarleyrm@deviantart.com,Male
Robinette,Nast,rnastrn@lycos.com,Female
Levey,Seefeldt,lseefeldtro@usgs.gov,Male
Carina,Noni,cnonirp@blog.com,Female
Leonerd,Passey,lpasseyrq@dot.gov,Male
Harris,Boutwell,hboutwellrr@yelp.com,Agender
